{
  "before_buggy_reported": {
    "RMSE": 31869.625128251613,
    "MAE": 6460.4851039877,
    "R2": 0.9987973353814618
  },
  "before_buggy_true_test": {
    "RMSE": 65459.82319406149,
    "MAE": 14765.117194499862,
    "R2": 0.9949976493303531
  },
  "after_corrected_test": {
    "RMSE": 308321.9193625335,
    "MAE": 108681.83056396758,
    "R2": 0.8890229237791906
  }
}