Metric,Before (buggy reported),"Before (true test, same buggy model)",After (corrected test)
RMSE,31869.625128251613,65459.82319406149,308321.9193625335
MAE,6460.4851039877,14765.117194499862,108681.83056396758
R2,0.9987973353814618,0.9949976493303531,0.8890229237791906
